Date,Shopping,Impulse/Planned,Category,Reason,Price,Stress Level,Sleep Quality,Social Media Use (h),Weather,Day Of the Week,Time of Day,Note
12.03.2025,YES,IMPULSE,Fashion,Stress-based,"150,00 TRY",5,2,5,Partly CloudyğŸŒ¤ï¸,Wed,NightğŸŒ™,
13.03.2025,NO,,,,,1,1,6,Sunny â˜€ï¸,Thu,,
14.03.2025,YES,PLANNED,Food,Need-based,"300,00 TRY",4,2,4,Partly CloudyğŸŒ¤ï¸,Fri,Evening,
15.03.2025,NO,,,,,3,3,7,Sunny â˜€ï¸,Sat,,
16.03.2025,NO,,,,,2,1,5,Partly CloudyğŸŒ¤ï¸,Sun,,
17.03.2025,YES,IMPULSE,Beauty,Boredom,"400,00 TRY",5,2,6,Cloudyâ˜ï¸,Mon,Morning,
18.03.2025,NO,,,,,1,3,7,Cloudyâ˜ï¸,Tue,,
19.03.2025,YES,PLANNED,Other,Need-based,"250,00 TRY",3,4,4,RainyğŸŒ§ï¸,Wed,Morning,
20.03.2025,NO,,,,,6,5,5,RainyğŸŒ§ï¸,Thu,,
21.03.2025,NO,,,,,2,5,3,Cloudyâ˜ï¸,Fri,,
22.03.2025,NO,,,,,5,5,4,Partly CloudyğŸŒ¤ï¸,Sat,,
23.03.2025,YES,PLANNED,Entertainment,Reward,"200,00 TRY",2,2,7,Partly CloudyğŸŒ¤ï¸,Sun,Evening,
24.03.2025,YES,PLANNED,Beauty,Reward,"300,00 TRY",4,1,4,Partly CloudyğŸŒ¤ï¸,Mon,NightğŸŒ™,
25.03.2025,NO,,,,,2,3,4,RainyğŸŒ§ï¸,Tue,,
26.03.2025,NO,,,,,3,3,5,Cloudyâ˜ï¸,Wed,,
27.03.2025,NO,,,,,1,4,6,Sunny â˜€ï¸,Thu,,
28.03.2025,NO,,,,,4,2,5,Sunny â˜€ï¸,Fri,,
29.03.2025,YES,IMPULSE,Food,Stress-based,"350,00 TRY",6,1,6,Cloudyâ˜ï¸,Sat,Afternoon,Boykot
30.03.2025,NO,,,,,4,5,7,WindyğŸŒ¬ï¸,Sun,,Boykot
31.03.2025,NO,,,,,4,4,5,Cloudyâ˜ï¸,Mon,,Boykot
01.04.2025,YES,PLANNED,Entertainment,Boredom,"500,00 TRY",7,3,4,Partly CloudyğŸŒ¤ï¸,Tue,Evening,
02.04.2025,NO,,,Need-based,,5,4,5,Partly CloudyğŸŒ¤ï¸,Wed,,BOYKOT
03.04.2025,YES,IMPULSE,Fashion,Boredom,"1.200,00 TRY",4,1,5,Sunny â˜€ï¸,Thu,Afternoon,
04.04.2025,NO,,,,,9,1,4,Partly CloudyğŸŒ¤ï¸,Fri,,
05.04.2025,YES,IMPULSE,Food,Reward,"600,00 TRY",4,3,7,WindyğŸŒ¬ï¸,Sat,Afternoon,
06.04.2025,YES,IMPULSE,Fashion,Need-based,"200,00 TRY",9,2,5,RainyğŸŒ§ï¸,Sun,NightğŸŒ™,
07.04.2025,YES,PLANNED,Food,Stress-based,"400,00 TRY",8,4,6,RainyğŸŒ§ï¸,Mon,Afternoon,
08.04.2025,YES,PLANNED,Fashion,Need-based,"500,00 TRY",10,1,6,Cloudyâ˜ï¸,Tue,Afternoon,
09.04.2025,NO,,,,,6,4,6,Cloudyâ˜ï¸,Wed,,
10.04.2025,NO,,,,,4,3,6,Partly CloudyğŸŒ¤ï¸,Thu,,
11.04.2025,NO,,,,,6,3,5,Cloudyâ˜ï¸,Fri,,
12.04.2025,NO,,,,,2,4,5,Partly CloudyğŸŒ¤ï¸,Sat,,
13.04.2025,YES,IMPULSE,Entertainment,Stress-based,"400,00 TRY",9,4,6,Sunny â˜€ï¸,Sun,Morning,
14.04.2025,NO,,,,,4,4,7,Sunny â˜€ï¸,Mon,,
15.04.2025,NO,,,,,4,2,5,Sunny â˜€ï¸,Tue,,
16.04.2025,YES,PLANNED,Beauty,Boredom,"500,00 TRY",6,2,4,Partly CloudyğŸŒ¤ï¸,Wed,Afternoon,
17.04.2025,NO,,,,,5,3,5,Cloudyâ˜ï¸,Thu,,
18.04.2025,YES,PLANNED,Fashion,Boredom,"400,00 TRY",2,4,3,Cloudyâ˜ï¸,Fri,Evening,
19.04.2025,YES,IMPULSE,Food,Need-based,"300,00 TRY",3,4,5,Cloudyâ˜ï¸,Sat,Evening,
20.04.2025,NO,,,,,5,5,6,Sunny â˜€ï¸,Sun,,
21.04.2025,NO,,,,,10,4,3,Sunny â˜€ï¸,Mon,,Boykot
22.04.2025,NO,,,,,6,3,3,Partly CloudyğŸŒ¤ï¸,Tue,,
23.04.2025,NO,,,,,6,4,3,Partly CloudyğŸŒ¤ï¸,Wed,,
24.04.2025,NO,,,,,1,5,5,Sunny â˜€ï¸,Thu,,
25.04.2025,NO,,,,,1,5,5,Sunny â˜€ï¸,Fri,,
26.04.2025,NO,,,,,3,5,6,Sunny â˜€ï¸,Sat,,
27.04.2025,YES,IMPULSE,Other,Boredom,"500,00 TRY",7,5,6,WindyğŸŒ¬ï¸,Sun,Afternoon,
28.04.2025,YES,IMPULSE,Entertainment,Reward,"5.000,00 TRY",10,1,8,WindyğŸŒ¬ï¸,Mon,Afternoon,dijital kamera
29.04.2025,NO,,,,,7,4,6,WindyğŸŒ¬ï¸,Tue,,
30.04.2025,NO,,,,,5,4,6,WindyğŸŒ¬ï¸,Wed,,
01.05.2025,NO,,,,,7,4,7,RainyğŸŒ§ï¸,Thu,,
02.05.2025,NO,,,,,10,2,4,Cloudyâ˜ï¸,Fri,,
03.05.2025,NO,,,,,10,1,4,Cloudyâ˜ï¸,Sat,,
04.05.2025,YES,PLANNED,Other,Boredom,"600,00 TRY",5,5,2,Sunny â˜€ï¸,Sun,Afternoon,
05.05.2025,NO,,,,,3,4,5,Sunny â˜€ï¸,Mon,,
06.05.2025,YES,IMPULSE,Beauty,Boredom,"300,00 TRY",10,2,4,Sunny â˜€ï¸,Tue,Evening,
07.05.2025,NO,,,,,4,3,3,Partly CloudyğŸŒ¤ï¸,Wed,,
08.05.2025,NO,,,,,5,4,4,Partly CloudyğŸŒ¤ï¸,Thu,,
09.05.2025,YES,IMPULSE,Fashion,Need-based,"400,00 TRY",8,4,5,Sunny â˜€ï¸,Fri,Morning,
10.05.2025,NO,,,,,3,5,7,RainyğŸŒ§ï¸,Sat,,